{
  "class_names": [
    "Abrasion",
    "Bruise",
    "Burn",
    "cut",
    "Diabetic_ulcer",
    "Infected_wound",
    "Laceration",
    "Pressure_ulcer",
    "Pressure_wound",
    "Surgical_wound",
    "Venous_ulcer",
    "Venous_wound"
  ],
  "models": {
    "CustomCNN": {
      "cv_accuracy_mean": 0.23859201755600723,
      "cv_accuracy_std": 0.022141813384548736,
      "cv_f1_mean": 0.09032738852718937,
      "cv_f1_std": 0.025096808575599327,
      "accuracy": 0.8606726149622512,
      "f1": 0.8777107197486979,
      "inference_ms": 2.24,
      "size_mb": 0.33,
      "params": 82956,
      "train_time_min": 4.1,
      "fold_accs": [
        0.21266735324407826,
        0.2518022657054583,
        0.2534775888717156,
        0.211231324059763,
        0.26378155589902114
      ],
      "fold_f1s": [
        0.0787650299000257,
        0.0812990656060886,
        0.08013497078051986,
        0.07139427305620943,
        0.14004360329310328
      ]
    },
    "MobileNetV2": {
      "cv_accuracy_mean": 0.6100336868623358,
      "cv_accuracy_std": 0.16588801138092235,
      "cv_f1_mean": 0.5201988036166216,
      "cv_f1_std": 0.18917721992316747,
      "accuracy": 0.6293754289636239,
      "f1": 0.6114562864324752,
      "inference_ms": 4.68,
      "size_mb": 10.38,
      "params": 2594124,
      "train_time_min": 4.5,
      "fold_accs": [
        0.8424304840370752,
        0.780638516992791,
        0.4899536321483771,
        0.47295208655332305,
        0.4641937145801133
      ],
      "fold_f1s": [
        0.7898301955216273,
        0.7093961213527993,
        0.3784282575150218,
        0.3680557563990807,
        0.3552836872945793
      ]
    },
    "ResNet50V2": {
      "cv_accuracy_mean": 0.547753581318303,
      "cv_accuracy_std": 0.14600213758365602,
      "cv_f1_mean": 0.4702513695198144,
      "cv_f1_std": 0.1613650278115782,
      "accuracy": 0.5628002745367193,
      "f1": 0.5381912841187435,
      "inference_ms": 7.04,
      "size_mb": 96.4,
      "params": 24100620,
      "train_time_min": 18.1,
      "fold_accs": [
        0.3681771369721936,
        0.6833161688980433,
        0.7161257083977332,
        0.3858835651725914,
        0.5852653271509531
      ],
      "fold_f1s": [
        0.28052844802816135,
        0.6538652933367513,
        0.6522161940075434,
        0.30515264627732464,
        0.4594942659492915
      ]
    },
    "EfficientNetB0": {
      "cv_accuracy_mean": 0.6253145442457756,
      "cv_accuracy_std": 0.10633958787824904,
      "cv_f1_mean": 0.5552241476963211,
      "cv_f1_std": 0.10747852046035485,
      "accuracy": 0.7206588881262869,
      "f1": 0.7209037215406856,
      "inference_ms": 10.37,
      "size_mb": 17.54,
      "params": 4385711,
      "train_time_min": 37.2,
      "fold_accs": [
        0.7790937178166838,
        0.543254376930999,
        0.5342606903657908,
        0.729005667181865,
        0.5409582689335394
      ],
      "fold_f1s": [
        0.7132282917003158,
        0.4721711203449656,
        0.4614154034077938,
        0.6566235039777555,
        0.47268241905077524
      ]
    },
    "EfficientNetB3": {
      "cv_accuracy_mean": 0.7127680052803852,
      "cv_accuracy_std": 0.09789344513929782,
      "cv_f1_mean": 0.6302813907634303,
      "cv_f1_std": 0.10176138100110901,
      "accuracy": 0.8558682223747426,
      "f1": 0.8220712710562331,
      "inference_ms": 15.22,
      "size_mb": 44.74,
      "params": 11186235,
      "train_time_min": 60.7,
      "fold_accs": [
        0.7590113285272915,
        0.8274974253347065,
        0.7248840803709428,
        0.532715095311695,
        0.71973209685729
      ],
      "fold_f1s": [
        0.662587045732898,
        0.7522911439417833,
        0.656283164641215,
        0.4428766615471073,
        0.6373689379541477
      ]
    }
  }
}