{
  "class_names": [
    "Abrasion",
    "Bruise",
    "Burn",
    "cut",
    "Diabetic_ulcer",
    "Infected_wound",
    "Laceration",
    "Pressure_ulcer",
    "Venous_ulcer"
  ],
  "models": {
    "CustomCNN": {
      "cv_accuracy_mean": 0.2611998394163132,
      "cv_accuracy_std": 0.021875458048068955,
      "cv_f1_mean": 0.16844440256638654,
      "cv_f1_std": 0.038021524482239076,
      "accuracy": 0.6653543307086615,
      "f1": 0.6550768493638827,
      "inference_ms": 2.21,
      "size_mb": 0.33,
      "params": 82569,
      "train_time_min": 1.0,
      "fold_accs": [
        0.27728613569321536,
        0.2949852507374631,
        0.25443786982248523,
        0.24260355029585798,
        0.23668639053254437
      ],
      "fold_f1s": [
        0.2105360944990444,
        0.21697651455333097,
        0.13815048443619873,
        0.1247973203618365,
        0.15176159898152206
      ]
    },
    "MobileNetV2": {
      "cv_accuracy_mean": 0.49984814368749014,
      "cv_accuracy_std": 0.11163093166441285,
      "cv_f1_mean": 0.4950426092475203,
      "cv_f1_std": 0.11666863231941778,
      "accuracy": 0.6653543307086615,
      "f1": 0.6559399020496586,
      "inference_ms": 5.2,
      "size_mb": 10.37,
      "params": 2593353,
      "train_time_min": 0.7,
      "fold_accs": [
        0.6548672566371682,
        0.6017699115044248,
        0.47337278106508873,
        0.3668639053254438,
        0.40236686390532544
      ],
      "fold_f1s": [
        0.6547736364809535,
        0.602551379954674,
        0.4694502594085004,
        0.35040713348540914,
        0.3980306369080646
      ]
    },
    "ResNet50V2": {
      "cv_accuracy_mean": 0.4793039046272538,
      "cv_accuracy_std": 0.1447241602531116,
      "cv_f1_mean": 0.46895609078507006,
      "cv_f1_std": 0.15874980025799965,
      "accuracy": 0.5826771653543307,
      "f1": 0.5686042157158975,
      "inference_ms": 5.7,
      "size_mb": 96.4,
      "params": 24099849,
      "train_time_min": 0.7,
      "fold_accs": [
        0.35398230088495575,
        0.6224188790560472,
        0.6745562130177515,
        0.3106508875739645,
        0.4349112426035503
      ],
      "fold_f1s": [
        0.3388298584259938,
        0.63228376246343,
        0.6820131718918953,
        0.2880177418620946,
        0.40363591928193643
      ]
    },
    "EfficientNetB0": {
      "cv_accuracy_mean": 0.5472779319613901,
      "cv_accuracy_std": 0.06876002128861007,
      "cv_f1_mean": 0.5504813084403012,
      "cv_f1_std": 0.06888619971592606,
      "accuracy": 0.7716535433070866,
      "f1": 0.765339710862099,
      "inference_ms": 8.8,
      "size_mb": 17.54,
      "params": 4384940,
      "train_time_min": 1.4,
      "fold_accs": [
        0.6017699115044248,
        0.49852507374631266,
        0.46449704142011833,
        0.650887573964497,
        0.5207100591715976
      ],
      "fold_f1s": [
        0.5935483863098633,
        0.4995423346096076,
        0.46628951226284265,
        0.6595642054789654,
        0.5334621035402272
      ]
    },
    "EfficientNetB3": {
      "cv_accuracy_mean": 0.6441308407952383,
      "cv_accuracy_std": 0.11510739810722236,
      "cv_f1_mean": 0.6436276315371922,
      "cv_f1_std": 0.11800348858261206,
      "accuracy": 0.8582677165354331,
      "f1": 0.8533016286638326,
      "inference_ms": 13.75,
      "size_mb": 44.74,
      "params": 11185464,
      "train_time_min": 8.8,
      "fold_accs": [
        0.6224188790560472,
        0.7964601769911505,
        0.6775147928994083,
        0.4437869822485207,
        0.6804733727810651
      ],
      "fold_f1s": [
        0.6084698235311456,
        0.8010946175199805,
        0.6773338948373012,
        0.4425636792280828,
        0.6886761425694506
      ]
    }
  }
}