{
  "CustomCNN": {
    "stage1_false_positive_rate": 0.6652360515021459,
    "stage1_mean_confidence": 0.5843627311462247,
    "stage2_high_conf_rate": 0.7124463519313304,
    "stage2_mean_max_conf": 0.8462623304051903
  },
  "MobileNetV2": {
    "stage1_false_positive_rate": 0.8927038626609443,
    "stage1_mean_confidence": 0.838632075187986,
    "stage2_high_conf_rate": 0.2317596566523605,
    "stage2_mean_max_conf": 0.6200488051119792
  },
  "ResNet50V2": {
    "stage1_false_positive_rate": 0.8669527896995708,
    "stage1_mean_confidence": 0.7856303153303752,
    "stage2_high_conf_rate": 0.11158798283261803,
    "stage2_mean_max_conf": 0.5266957045113069
  },
  "EfficientNetB0": {
    "stage1_false_positive_rate": 0.8969957081545065,
    "stage1_mean_confidence": 0.8634272415926401,
    "stage2_high_conf_rate": 0.2532188841201717,
    "stage2_mean_max_conf": 0.6161660058303964
  },
  "EfficientNetB3": {
    "stage1_false_positive_rate": 0.9399141630901288,
    "stage1_mean_confidence": 0.8954623669401899,
    "stage2_high_conf_rate": 0.5236051502145923,
    "stage2_mean_max_conf": 0.742817617665033
  }
}